batch_id,task_id,arrival_time_seconds,observable_by_satellites,reward,observation_duration,memory_usage,latitude,longitude
1,1,16,Satellite6,13,13,15,30.503939749789687,102.98837306891355
1,92,62,Satellite6,12,14,7,22.683084127160654,101.66260499514568
1,27,71,"Satellite6, Satellite1",8,14,10,39.68545555231486,116.12238429059006
1,32,88,Satellite2,15,9,13,4.7823726308839385,89.47796227297383
1,57,125,"Satellite6, Satellite1",13,13,11,51.93317532570703,119.64594494604171
1,39,223,"Satellite1, Satellite5",9,9,7,48.37555858185523,122.02412155078738
1,34,227,Satellite6,8,14,10,18.86270545654432,117.0541450305211
1,24,249,Satellite6,13,5,10,27.148792527663876,78.37001258883605
1,13,297,"Satellite6, Satellite1",11,8,12,36.42011011026807,95.23690950620858
1,22,352,"Satellite6, Satellite1",9,9,7,19.27865311575536,86.26792637118434
1,85,364,"Satellite6, Satellite1",14,8,10,29.126844429521583,107.63408469909601
1,74,414,Satellite5,7,8,10,51.043266807623866,129.181935545942
1,49,569,Satellite1,8,15,15,35.52911351914495,76.16417851196344
1,81,625,Satellite5,9,10,9,46.19745028079445,118.56887887440179
1,84,786,"Satellite1, Satellite5",5,11,15,25.76790035549634,110.89915502029984
1,41,817,Satellite5,9,8,13,31.021447314868592,132.27541893451402
1,7,905,Satellite5,8,7,12,35.78750594948596,93.43530663025837
1,76,906,Satellite5,14,12,8,33.85565355509347,86.54349425033722
1,16,953,"Satellite1, Satellite5",5,11,13,14.234793093365901,88.35938554496391
1,93,1004,Satellite5,15,9,9,32.67284018598628,74.83460864267464
1,20,1127,Satellite5,9,9,15,30.266696035633377,82.31881402293102
1,45,1193,Satellite5,14,13,12,14.799016694556286,98.2753225319315
1,86,1224,Satellite5,7,15,12,22.6396340823561,93.45728126529158
1,4,1414,Satellite5,6,6,15,7.246508308186902,97.21826503475424
1,33,1501,Satellite5,8,14,13,6.7647337676444845,81.55528858389987
1,62,1665,Satellite5,11,10,8,3.5926188981676517,90.20933878015927
1,60,1700,Satellite3,7,6,6,44.064492375300716,90.00280113984545
1,70,1774,Satellite3,6,5,15,34.76215626283103,91.6976785212319
1,78,1801,Satellite3,9,11,15,36.027236610135525,98.46751659577278
1,21,1892,Satellite3,7,14,12,41.89266200971377,108.61528144619211
1,15,2096,Satellite3,10,8,5,29.321204287083923,80.88094061063249
1,58,2162,Satellite4,12,13,14,45.23974585160904,119.28489531776822
1,18,2189,Satellite3,7,14,13,13.517742240129396,89.4613515089345
1,8,2229,Satellite3,14,13,9,15.237801034990392,81.75812451981434
1,46,2261,Satellite3,12,13,12,34.55743493059764,112.10575341009736
1,51,2261,Satellite3,6,13,13,50.91012609572057,78.87341446499943
1,98,2345,Satellite3,5,11,7,7.041244182435033,97.24198149361855
1,61,2453,Satellite7,12,14,6,41.141113841287904,99.12735596530356
1,88,2458,Satellite4,6,11,9,35.58695660749097,116.30820170637499
1,5,2474,Satellite3,6,6,8,11.162326242423346,98.36533400099344
1,53,2489,Satellite4,14,15,8,29.31037374064793,127.90157113205262
1,65,2546,Satellite4,10,14,13,33.91690367263615,112.55584493011122
1,100,2599,"Satellite7, Satellite4",12,6,15,42.401901333277564,128.71855419105844
1,31,2614,Satellite7,15,11,6,49.48747663161018,102.68840037437546
1,2,2633,Satellite7,9,13,6,39.63617043982756,99.83580009293462
1,25,2713,Satellite7,13,11,8,50.29360456271948,124.23513643850458
1,38,2752,Satellite7,7,13,7,23.68316788727343,106.3126195145854
1,59,2760,Satellite4,8,12,9,27.88301591048402,127.77118760447154
1,47,2783,Satellite7,7,10,12,51.83660761205388,85.21047251603362
1,89,2825,Satellite3,5,6,8,14.266094250710745,92.54637636865412
1,17,2920,Satellite7,14,12,13,42.77414858550997,123.38429472888888
1,52,3023,Satellite7,6,7,10,15.586891505005887,93.6535241196647
1,71,3078,Satellite7,13,6,9,7.501289900755978,79.7509505817644
1,90,3153,Satellite7,13,13,6,17.234833494931912,86.23997625243474
1,23,3178,Satellite7,12,9,8,31.786348732535238,103.82309031813094
1,55,3203,Satellite7,5,15,11,20.075608437891216,74.95699143075088
1,30,3255,Satellite4,11,5,6,4.2724794534441415,124.54161448454292
1,95,3280,Satellite7,12,7,5,22.177114214579493,96.33212343427354
1,50,3304,Satellite7,11,11,12,28.894095554596184,82.00716984795112
1,9,3369,Satellite7,12,11,10,19.145851991274185,110.25331894457813
1,66,3399,Satellite7,6,7,11,30.03736412160899,83.80365393548645
1,40,3446,Satellite7,5,15,10,7.697284452544381,97.32026231770816
1,67,3589,Satellite7,12,9,7,18.422303623348938,82.71397151320946
2,29,17,Satellite6,6,8,7,35.91281931342967,86.6184536050962
2,59,30,Satellite6,10,13,15,25.23732847033002,102.07635712170217
2,4,59,Satellite2,6,8,14,3.217228942483394,77.59005779626007
2,33,95,"Satellite6, Satellite1",9,15,12,47.69053277953811,131.75192024182564
2,69,159,Satellite6,15,15,9,16.86801939363867,96.43425534920057
2,32,235,"Satellite6, Satellite1",13,7,10,23.020190897078148,104.36909815963872
2,25,290,Satellite6,13,5,5,8.868795076187727,116.42780625001895
2,88,291,Satellite6,9,13,10,13.999604987175493,121.61063615877944
2,86,445,"Satellite6, Satellite1",15,6,5,17.1175559906957,90.1469800173734
2,27,490,"Satellite6, Satellite1",7,11,10,27.887554530594574,102.1560639161425
2,100,496,"Satellite1, Satellite5",13,12,6,47.43593216211546,100.37268656269387
2,80,497,"Satellite6, Satellite1",15,5,11,30.02971826623422,109.71327321568896
2,90,534,Satellite5,13,13,6,41.0637970511568,132.85726104778126
2,71,578,"Satellite1, Satellite5",11,13,12,33.41797805029394,120.3649384072547
2,50,582,Satellite6,15,6,10,6.163901805022007,115.11591826554985
2,44,708,Satellite6,9,12,12,10.97787458145316,116.64277704563793
2,14,714,"Satellite6, Satellite1",5,15,12,9.387533474189732,85.6528086743974
2,77,798,Satellite5,13,5,8,33.05664647869172,126.97948752540535
2,95,839,Satellite5,8,9,6,23.454736758144165,127.80910906843174
2,87,843,Satellite5,14,13,9,39.1413959040422,106.33735841422367
2,66,847,Satellite5,9,8,7,35.23568407517889,114.78679335047491
2,9,855,"Satellite1, Satellite5",8,11,6,26.215644088483998,77.24649686218004
2,98,872,"Satellite1, Satellite5",12,6,5,30.096561755014502,94.73081710909064
2,34,907,Satellite5,10,6,14,29.393450268799146,112.96892006359792
2,85,912,Satellite5,14,12,13,41.178442763394465,95.77397358911071
2,91,914,"Satellite1, Satellite5",6,10,5,18.227929208801243,98.71972198992796
2,18,928,Satellite5,9,9,11,39.361759954230735,106.5842394369096
2,47,978,"Satellite1, Satellite5",12,8,15,4.7460490740267565,106.97057482669666
2,36,987,Satellite5,12,15,11,50.02656723417657,87.36380644700971
2,73,1080,"Satellite1, Satellite5",7,10,9,8.99590788297789,85.49949199458307
2,38,1306,Satellite5,7,13,12,33.930755880636326,94.72947037338793
2,62,1504,Satellite5,11,13,10,4.298280874234176,90.52340201814687
2,13,1521,Satellite5,9,8,14,4.700974335240534,114.52482598516934
2,55,1671,Satellite5,11,12,8,10.581212346722838,95.06229692063327
2,53,1712,Satellite3,7,14,9,42.112655153361445,126.05203771410092
2,64,1760,Satellite3,8,11,8,38.27763187606249,113.95489584672563
2,35,1985,Satellite3,5,10,8,24.713503300044675,82.22182375338302
2,43,2041,Satellite3,9,15,6,46.15060173738019,75.27761916420174
2,20,2111,Satellite3,5,6,10,35.59632248007942,100.8505314821592
2,89,2182,Satellite4,13,15,12,42.489469757185695,128.0004803206775
2,15,2272,Satellite3,10,14,10,16.964777927327294,95.1894366485563
2,5,2299,Satellite3,14,6,8,23.273188264197618,99.5363535045249
2,31,2303,Satellite3,14,13,9,20.50799324000752,100.67036118144185
2,42,2313,Satellite3,5,13,11,50.814325654517795,81.8397728483738
2,3,2457,Satellite3,9,13,6,36.84988890725582,93.49638097068559
2,83,2496,Satellite3,7,5,7,31.530857904175065,92.28139261224602
2,93,2496,"Satellite7, Satellite4",9,14,15,46.91246561937317,130.14412734569862
2,51,2542,Satellite3,13,5,10,3.55776386219224,94.45586418750798
2,97,2645,Satellite3,15,14,9,6.085669711572637,82.03985521892912
2,54,2658,Satellite7,15,12,15,35.68068180394595,103.46645943653238
2,56,2745,Satellite4,5,5,6,18.098794244252147,130.1414957045381
2,52,2758,Satellite3,14,8,8,21.034803593557918,93.69019719481972
2,21,2776,Satellite7,7,11,15,35.558434167547254,78.84732898532063
2,76,2828,Satellite7,13,8,15,24.418821135690287,104.42695200303905
2,99,2892,Satellite4,5,10,7,18.574792676617054,114.57397947419949
2,67,2912,Satellite7,14,13,13,24.729000678691555,101.33614563267781
2,96,2950,Satellite7,13,9,10,41.789803020774656,94.14565044697858
2,75,2985,Satellite4,14,10,14,8.354232250675139,109.87080736941851
2,81,3059,Satellite4,8,13,5,10.532117583980131,130.7603851234396
2,8,3203,Satellite7,13,6,7,16.631530706525396,74.15852298498861
2,70,3250,Satellite7,12,14,9,14.299029234431584,90.15571684722673
2,10,3302,Satellite7,6,15,13,5.75093622592637,105.10694763775788
2,48,3338,Satellite7,12,13,6,8.299555381474637,103.4400983397459
2,65,3436,Satellite7,9,7,11,27.001721856034298,86.80067292998382
2,19,3494,Satellite7,14,7,8,8.274235786015641,92.60784807345111
2,7,3514,Satellite7,6,6,6,4.618103560872869,91.18398432375483
3,87,173,"Satellite6, Satellite1",9,10,5,43.28536813139014,96.68702333084548
3,80,255,Satellite6,14,5,6,24.0418991351585,113.70325352142817
3,1,359,Satellite1,10,7,15,40.21875228829894,79.50383340016465
3,47,397,"Satellite6, Satellite1",6,13,13,28.198736911968485,83.84714145752861
3,21,413,Satellite6,9,9,8,17.037035195332223,127.27877629836948
3,97,550,Satellite5,8,9,12,49.392298584317714,111.16060513897864
3,3,573,"Satellite6, Satellite1",12,14,15,6.712668166614597,95.2198425417356
3,41,599,Satellite5,11,8,9,45.59493533564118,130.20996788738756
3,24,628,"Satellite1, Satellite5",8,10,12,44.75931962041921,93.9374829484487
3,93,654,Satellite5,7,15,6,48.09081587119274,105.71702377491826
3,16,704,Satellite1,9,6,14,12.701619640967497,76.11833702456343
3,82,797,"Satellite1, Satellite5",5,15,7,26.634019305896427,97.82804983581842
3,8,966,Satellite5,7,7,8,34.684634031551255,105.1562274716403
3,4,969,Satellite5,9,14,5,35.06033364198117,113.71890364121163
3,14,1008,"Satellite1, Satellite5",6,5,9,7.163692801793884,104.86474956562088
3,37,1040,"Satellite1, Satellite5",15,12,12,9.142869854027778,103.248252470588
3,64,1065,Satellite5,5,7,12,27.33643031983019,119.53856491290938
3,57,1108,Satellite5,15,15,10,36.491847455889086,103.58532272261928
3,54,1170,Satellite5,6,15,14,31.06552373907074,116.58235387418631
3,2,1189,Satellite5,8,12,14,18.697904434567107,111.71952569056444
3,34,1257,Satellite5,12,10,15,9.839559470242474,99.18409320828255
3,6,1271,"Satellite1, Satellite5",13,15,10,7.404555789112635,79.36897468318769
3,33,1390,Satellite5,7,9,6,28.020661319605438,89.85176696264786
3,53,1493,Satellite5,5,8,15,14.073780160956664,115.68755547930583
3,19,1680,Satellite5,15,15,8,5.98357692578699,75.25986846079884
3,42,1914,Satellite3,7,10,6,35.98892173416075,92.6192676111957
3,28,1917,Satellite3,6,9,6,50.31629582428993,76.63213775005552
3,48,1959,Satellite3,9,7,13,42.58353096257501,98.44936728018799
3,72,1994,Satellite3,10,10,7,51.45915087227411,96.58192456963204
3,23,2146,Satellite3,8,9,8,35.012912022195906,95.55628900240525
3,95,2214,Satellite3,6,6,11,33.306478643065255,113.96136514910827
3,74,2238,Satellite3,15,10,15,32.22037994889423,103.9450762711732
3,86,2257,Satellite3,10,11,11,8.969557716076201,87.47888199199602
3,50,2301,Satellite3,15,11,14,46.765657469840086,89.75795523580094
3,69,2302,"Satellite7, Satellite4",6,14,13,49.05802045418588,117.45822405076812
3,49,2340,Satellite3,8,6,6,22.586811079279393,96.1058218404186
3,46,2343,Satellite3,14,13,5,46.142179735060026,92.0849542585753
3,5,2354,Satellite3,14,6,6,30.54795272815884,85.57837456772685
3,71,2355,Satellite3,5,11,14,18.880658034434248,100.40624744879953
3,83,2515,Satellite7,6,12,9,40.11018312049424,108.09483227354174
3,43,2524,Satellite3,10,11,6,14.835113314256802,75.4667473392368
3,73,2537,Satellite4,5,14,10,27.75145738794496,122.0673486592805
3,11,2634,Satellite7,6,9,14,36.534186939807235,91.6840629072699
3,92,2636,Satellite4,8,12,6,30.085589934334852,112.91040001719495
3,58,2667,Satellite7,8,12,11,52.25422853921311,111.28787043176138
3,51,2679,Satellite7,9,15,13,39.9049573824524,105.44485595623293
3,63,2710,Satellite4,5,12,6,16.552253759204024,131.1947353916525
3,68,2728,Satellite3,8,5,5,17.228786911373287,81.83032838770576
3,61,2733,Satellite7,12,5,6,33.32046165451719,89.9201723964312
3,98,2747,Satellite4,10,9,14,27.3024796102033,122.02854012493925
3,9,2797,Satellite7,6,15,10,35.96791782902358,86.00098678302132
3,10,2825,"Satellite3, Satellite7",15,11,13,20.555285649003665,83.84641299124449
3,39,2862,Satellite7,7,6,12,46.25610870568337,77.70308857283385
3,29,3024,Satellite7,10,9,12,23.677791320782184,95.79265358439862
3,22,3033,Satellite7,12,13,15,37.75068044467758,109.82913078351727
3,100,3042,Satellite7,10,8,7,28.302335912270795,106.23447929271845
3,70,3150,Satellite7,9,6,15,22.438048162441955,107.03589830143784
3,17,3159,Satellite7,15,13,6,10.005633055548383,102.50429674032124
3,35,3160,Satellite7,6,8,8,16.6283435981956,79.42983840524086
3,13,3211,Satellite7,13,10,12,31.808245202055932,104.21971292701723
3,62,3273,Satellite7,11,8,9,11.234102366966967,76.32924870770262
3,60,3283,Satellite7,14,7,9,26.494494554444532,90.2643282238498
3,44,3286,Satellite7,11,11,9,8.257733123601604,88.23999266996364
3,79,3319,Satellite7,8,11,5,17.80438941794907,100.06573746180607
4,71,79,Satellite6,6,10,7,29.44891648470196,99.00907350732948
4,67,176,Satellite1,12,13,15,49.8308866034924,82.17170004294294
4,57,302,"Satellite1, Satellite5",10,10,8,50.73521545165637,103.49254358080712
4,77,304,"Satellite6, Satellite1",8,8,5,38.535987086429174,96.42052005826308
4,10,310,Satellite6,11,14,11,9.280398806748183,122.7811467157113
4,76,345,Satellite6,9,12,9,13.961827739877117,106.58527702228139
4,13,390,Satellite6,10,10,6,23.109023749100825,120.70339894106219
4,79,422,"Satellite6, Satellite1",10,7,7,26.740560802358463,122.2002538443461
4,47,454,"Satellite6, Satellite1",14,11,14,32.32645765732152,91.91026789403737
4,88,495,Satellite6,9,10,5,3.8523100117640903,81.39533953941434
4,36,559,"Satellite6, Satellite1",15,8,7,23.0770917123131,98.04281612796552
4,66,623,"Satellite6, Satellite1",6,14,11,10.775931555716797,86.3472531372271
4,85,646,Satellite5,6,12,6,42.49972939004743,115.34078888779511
4,58,651,Satellite5,6,6,15,50.36689101178764,102.39370948095114
4,31,659,Satellite5,15,13,9,30.283075433321212,119.31857930277842
4,54,682,"Satellite6, Satellite1",9,7,15,16.548080139421742,94.14617675460555
4,86,703,"Satellite1, Satellite5",8,5,5,22.188188540889463,105.17418210157129
4,91,716,Satellite5,15,11,5,23.445489965628017,120.62098643682069
4,90,739,"Satellite1, Satellite5",8,11,12,30.406149925937857,82.88292691318043
4,50,763,Satellite5,6,13,7,52.37708387348693,80.64447439391941
4,64,788,Satellite1,6,13,12,18.289211837233367,75.00454523555331
4,42,821,"Satellite1, Satellite5",6,10,12,15.586055745927077,98.78136122316945
4,1,829,Satellite5,8,8,13,23.23211869649819,125.67965335939559
4,83,899,Satellite5,5,15,8,26.949159652506204,105.38419178840033
4,61,954,Satellite5,14,13,13,7.930559375781929,113.60093402845445
4,40,956,Satellite5,15,6,15,13.712467576358708,114.99382329769362
4,80,984,Satellite5,8,14,15,46.2140200197638,98.46003654949907
4,68,997,Satellite5,15,14,12,46.499267600267515,114.26992323798811
4,37,1011,Satellite5,14,7,10,32.70294332177045,76.92129005913192
4,45,1021,Satellite1,11,11,9,4.626168786533283,81.05594279371456
4,97,1121,Satellite5,7,10,11,15.34401658043941,125.2555817833474
4,73,1235,Satellite5,9,11,8,16.481152569297315,114.07707037100796
4,98,1237,Satellite5,8,14,6,33.73845750423094,103.36369767202379
4,7,1272,Satellite5,7,14,9,23.86964580712351,76.11143141863663
4,99,1308,"Satellite1, Satellite5",6,8,12,4.972464234510751,77.18655690742567
4,82,1423,Satellite5,13,6,15,21.648839222893304,91.15959292412646
4,62,1476,Satellite3,15,8,13,52.477298799542154,111.21397943148983
4,59,1559,Satellite5,6,12,6,12.2717189357289,86.52711821498345
4,48,1716,Satellite3,12,6,11,42.37008988248959,89.27173338480833
4,55,1862,Satellite3,11,14,13,43.352341551455865,89.53772314378355
4,25,1929,Satellite3,8,12,6,47.872584396741566,115.632573008165
4,33,1947,Satellite3,11,11,6,27.919146954760162,104.12229870644296
4,11,2072,Satellite3,12,13,12,23.919504999981097,111.62857056034721
4,72,2118,Satellite3,14,6,14,26.214717400993752,115.1467118496599
4,28,2216,Satellite4,12,9,7,51.27086174699137,120.0410632928924
4,78,2219,Satellite3,5,14,13,42.05810001341646,108.20431776186663
4,56,2248,Satellite3,11,8,5,34.60230849365022,95.85305665915527
4,16,2290,Satellite3,5,11,5,43.72891626437094,94.67339859298576
4,93,2373,Satellite3,7,7,11,20.61201496234018,108.46497680996185
4,26,2389,Satellite3,10,12,11,38.84532190402971,104.38232163683756
4,95,2394,"Satellite3, Satellite7",6,14,9,45.27422541110602,95.6498848725341
4,84,2430,Satellite3,11,13,10,8.020999125978765,90.00462194098138
4,38,2492,Satellite3,5,13,9,33.82900194001967,91.90350033685836
4,34,2496,"Satellite7, Satellite4",7,12,11,49.93568188961579,115.72903196417447
4,21,2640,Satellite4,7,10,12,24.769215189723873,115.22733674618469
4,2,2741,Satellite4,10,14,11,20.020145551832794,120.3708586921506
4,3,2823,Satellite7,14,9,12,39.90730765496603,125.88752576571079
4,44,2878,Satellite7,10,7,12,29.92035435164336,109.20217229792925
4,18,2966,Satellite7,5,9,10,26.414278611294094,79.81713611646572
4,17,3061,Satellite7,9,6,14,21.71426553648538,96.18311606299501
4,22,3159,Satellite7,13,12,10,15.515203155948807,113.45659189317512
4,94,3225,Satellite7,15,5,13,30.14558229754343,90.33736551024231
4,89,3300,Satellite7,9,11,11,21.74025872032949,93.35299689166533
4,29,3311,Satellite7,6,11,12,27.873898731581324,94.57333064584031
4,65,3323,Satellite7,15,11,5,27.264988510698664,105.61735640015912
5,70,15,Satellite6,11,14,11,31.314337675134233,96.01775632327825
5,74,16,"Satellite6, Satellite1",13,11,5,52.537948293620005,102.04074805511898
5,13,62,Satellite6,8,6,6,29.224867146045998,102.58932880123747
5,67,66,"Satellite6, Satellite1",9,13,13,47.7214739303387,92.59125955340892
5,9,151,"Satellite6, Satellite1",12,8,10,32.584014201651385,119.91397482845086
5,97,164,"Satellite6, Satellite1, Satellite5",13,5,10,52.331721858826896,122.63698168749603
5,38,174,Satellite6,15,11,5,24.703374907043,126.0821896948781
5,5,236,Satellite6,10,6,5,16.33482721247384,99.47634350742061
5,30,246,"Satellite6, Satellite1",14,14,6,33.680909309847294,96.27281115384218
5,8,256,"Satellite1, Satellite5",11,10,8,51.41290617499862,124.60790455768577
5,12,279,"Satellite6, Satellite1",12,10,12,43.677176659587175,105.62960270657734
5,76,296,"Satellite6, Satellite1, Satellite5",5,12,9,43.71190176623601,115.8200418377399
5,79,339,"Satellite1, Satellite5",5,8,12,48.257400992362115,117.18717053885689
5,98,623,Satellite5,14,5,10,37.704786477584356,118.56689375143627
5,19,637,"Satellite1, Satellite5",15,15,6,27.37261286836381,105.01213306744042
5,72,724,"Satellite6, Satellite1",7,9,5,14.924738483729802,114.62017588982576
5,62,773,Satellite5,10,12,12,31.973358913212756,122.22405788149783
5,3,822,"Satellite6, Satellite1, Satellite5",7,11,7,13.160396070097105,105.34606104237368
5,75,842,"Satellite6, Satellite1, Satellite5",13,11,8,12.98217074655629,99.00191555304103
5,71,897,"Satellite1, Satellite5",15,8,12,10.96077649941897,92.01223956553144
5,7,914,Satellite5,13,6,12,37.28813617486388,115.97764356336074
5,22,934,"Satellite1, Satellite5",11,9,9,20.96748350473827,84.00597429487706
5,53,962,Satellite5,5,10,7,51.012564668140364,86.0911816678382
5,27,1058,Satellite5,6,13,12,41.690936435767355,76.28622348789966
5,32,1067,Satellite5,8,15,14,19.001144877811758,104.08375787004186
5,66,1098,Satellite5,9,11,11,31.37371841173263,94.93205027763412
5,6,1118,Satellite5,10,9,14,36.35952849120966,113.58219037938474
5,23,1245,Satellite5,12,14,12,15.576482693940505,111.22153851493296
5,84,1252,Satellite5,15,13,10,15.584366214632553,109.35404955351657
5,44,1386,Satellite5,11,11,14,23.546539369186593,95.5377426666696
5,81,1435,Satellite5,8,9,12,5.449407536046705,111.65681304715886
5,43,1529,Satellite3,9,11,9,47.289828138395684,112.89676633214265
5,11,1578,Satellite5,13,10,11,4.48512120695754,82.78036082069235
5,25,1583,Satellite5,15,12,15,7.270462504987122,105.37953634593036
5,86,1662,Satellite5,13,6,12,7.358449390074864,77.2224430979994
5,24,1696,Satellite3,8,15,14,42.83917090167768,105.74427954099798
5,28,1723,Satellite5,15,7,14,8.208467273281991,94.55097789530217
5,59,2001,Satellite3,5,11,12,42.29048222088254,108.54724732079012
5,16,2013,Satellite3,8,13,6,30.544215979212126,111.45025117686826
5,29,2016,Satellite3,10,14,12,45.45057717069815,121.24980604188455
5,61,2046,Satellite3,5,10,8,32.040361109896665,107.75918662350043
5,85,2046,Satellite3,9,8,15,41.98420298044035,101.11152369123556
5,49,2204,Satellite3,11,12,11,12.993198467810661,99.27657853663887
5,35,2324,Satellite3,9,7,10,32.647947903890504,108.00406877957889
5,100,2368,"Satellite7, Satellite4",13,6,13,50.99298589494528,115.58315510346156
5,56,2543,Satellite7,12,13,14,51.11586530708014,103.46283552791999
5,88,2584,Satellite3,7,14,12,23.190233046804334,89.09179947969386
5,99,2628,Satellite7,8,6,5,36.93088412699409,97.08573042018183
5,95,2630,Satellite3,14,9,15,20.243643713148398,80.40489958834921
5,60,2650,Satellite7,5,10,14,51.84043324746324,90.59959642677497
5,90,2658,Satellite4,9,7,7,24.344201067203834,120.36552933462087
5,40,2680,Satellite3,15,11,15,19.17057336652323,101.17856680123538
5,96,2693,"Satellite7, Satellite4",14,7,15,40.56606931620794,126.24916830752741
5,36,2709,"Satellite7, Satellite4",12,12,5,33.31266523377524,116.98778040158047
5,69,2803,Satellite7,10,6,8,42.815250618529035,105.461669470939
5,34,2808,Satellite7,9,10,11,44.6087254130462,107.72310504850421
5,55,2874,Satellite4,7,5,9,19.67215483083142,115.760625781654
5,93,2934,Satellite7,7,9,12,32.472907906775454,76.94079665084425
5,1,2989,Satellite7,14,8,13,47.773182435173354,80.68642492705601
5,21,3033,Satellite7,7,13,13,43.846759570360156,102.57194359070532
5,45,3041,Satellite3,11,6,6,6.051594434579402,75.0633203520215
5,31,3107,Satellite7,8,15,8,17.05802452036266,91.11599461541573
5,47,3136,Satellite4,15,5,11,7.86670580518937,127.70757075779294
5,87,3148,Satellite7,9,6,10,43.354093029721675,95.9416915909056
5,52,3154,Satellite7,14,6,11,40.435540685385064,84.32093523630114
5,73,3156,Satellite7,7,5,14,9.948492704711567,87.04872301308583
5,37,3409,Satellite7,13,11,10,13.744915683650607,90.02357001698016
